"average_utility","min_utility","max_utility","generation"
1388,807,2211,1
1485,937,2282,2
1598,996,2282,3
1728,1213,2519,4
1845,1348,2519,5
1965,1444,2581,6
2061,1504,2584,7
2146,1504,2642,8
2223,1612,2713,9
2285,1732,2713,10
2329,1744,2713,11
2368,1769,2713,12
2409,1769,2713,13
2444,1769,2713,14
2471,1796,2713,15
2497,1803,2713,16
2518,1803,2713,17
2539,1871,2713,18
2558,1871,2713,19
2572,1903,2713,20
2587,2047,2713,21
2598,2047,2713,22
2608,2075,2713,23
2617,2075,2713,24
2627,2075,2713,25
2635,2075,2713,26
2643,2166,2713,27
2650,2166,2713,28
2655,2166,2713,29
2660,2166,2713,30
2664,2166,2713,31
2668,2166,2713,32
2672,2166,2713,33
2674,2166,2713,34
2677,2166,2713,35
2678,2166,2713,36
2679,2166,2713,37
2681,2166,2713,38
2681,2166,2713,39
2682,2166,2713,40
2682,2166,2713,41
2683,2166,2713,42
2683,2166,2713,43
2683,2166,2713,44
2683,2166,2713,45
2683,2166,2713,46
2683,2166,2713,47
2684,2166,2713,48
2684,2166,2713,49
2684,2166,2713,50
2684,2166,2713,51
2684,2166,2713,52
2684,2166,2713,53
2684,2166,2713,54
2684,2166,2713,55
2684,2166,2713,56
2684,2166,2713,57
2684,2166,2713,58
2684,2166,2713,59
2684,2166,2713,60
2684,2166,2713,61
2684,2166,2713,62
2684,2166,2713,63
2684,2166,2713,64
2684,2166,2713,65
2684,2166,2713,66
2684,2166,2713,67
2684,2166,2713,68
2684,2166,2713,69
2684,2166,2713,70
2684,2166,2713,71
2684,2166,2713,72
2684,2166,2713,73
2684,2166,2713,74
2684,2166,2713,75
2684,2166,2713,76
2684,2166,2713,77
2684,2166,2713,78
2684,2166,2713,79
2684,2166,2713,80
2684,2166,2713,81
2684,2166,2713,82
2684,2166,2713,83
2684,2166,2713,84
2684,2166,2713,85
2684,2166,2713,86
2684,2166,2713,87
2684,2166,2713,88
2684,2166,2713,89
2684,2166,2713,90
2684,2166,2713,91
2684,2166,2713,92
2684,2166,2713,93
2684,2166,2713,94
2684,2166,2713,95
2684,2166,2713,96
2684,2166,2713,97
2684,2166,2713,98
2684,2166,2713,99
2684,2166,2713,100
2684,2166,2713,101
2684,2166,2713,102
2684,2166,2713,103
2684,2166,2713,104
2684,2166,2713,105
2684,2166,2713,106
2684,2166,2713,107
2684,2166,2713,108
2684,2166,2713,109
2684,2166,2713,110
2684,2166,2713,111
2684,2166,2713,112
2684,2166,2713,113
2684,2166,2713,114
2684,2166,2713,115
2684,2166,2713,116
2684,2166,2713,117
2684,2166,2713,118
2684,2166,2713,119
2684,2166,2713,120
2684,2166,2713,121
2684,2166,2713,122
2684,2166,2713,123
2684,2166,2713,124
2684,2166,2713,125
2684,2166,2713,126
2684,2166,2713,127
2684,2166,2713,128
2684,2166,2713,129
2684,2166,2713,130
2684,2166,2713,131
2684,2166,2713,132
2684,2166,2713,133
2684,2166,2713,134
2684,2166,2713,135
2684,2166,2713,136
2684,2166,2713,137
2684,2166,2713,138
2684,2166,2713,139
2684,2166,2713,140
2684,2166,2713,141
2684,2166,2713,142
2684,2166,2713,143
2684,2166,2713,144
2684,2166,2713,145
2684,2166,2713,146
2684,2166,2713,147
2684,2166,2713,148
2684,2166,2713,149
2684,2166,2713,150
2684,2166,2713,151
2684,2166,2713,152
2684,2166,2713,153
2684,2166,2713,154
2684,2166,2713,155
2684,2166,2713,156
2684,2166,2713,157
2684,2166,2713,158
2684,2166,2713,159
2684,2166,2713,160
2684,2166,2713,161
2684,2166,2713,162
2684,2166,2713,163
2684,2166,2713,164
2684,2166,2713,165
2684,2166,2713,166
2684,2166,2713,167
2684,2166,2713,168
2684,2166,2713,169
2684,2166,2713,170
2684,2166,2713,171
2684,2166,2713,172
2684,2166,2713,173
2684,2166,2713,174
2684,2166,2713,175
2684,2166,2713,176
2684,2166,2713,177
2684,2166,2713,178
2684,2166,2713,179
2684,2166,2713,180
2684,2166,2713,181
2684,2166,2713,182
2684,2166,2713,183
2684,2166,2713,184
2684,2166,2713,185
2684,2166,2713,186
2684,2166,2713,187
2684,2166,2713,188
2684,2166,2713,189
2684,2166,2713,190
2684,2166,2713,191
2684,2166,2713,192
2684,2166,2713,193
2684,2166,2713,194
2684,2166,2713,195
2684,2166,2713,196
2684,2166,2713,197
2684,2166,2713,198
2684,2166,2713,199
2684,2166,2713,200
2684,2166,2713,201
2684,2166,2713,202
2684,2166,2713,203
2684,2166,2713,204
2684,2166,2713,205
2684,2166,2713,206
2684,2166,2713,207
2684,2166,2713,208
2684,2166,2713,209
2684,2166,2713,210
2684,2166,2713,211
2684,2166,2713,212
2684,2166,2713,213
2684,2166,2713,214
2684,2166,2713,215
2684,2166,2713,216
2684,2166,2713,217
2684,2166,2713,218
2684,2166,2713,219
2684,2166,2713,220
2684,2166,2713,221
2684,2166,2713,222
2684,2166,2713,223
2684,2166,2713,224
2684,2166,2713,225
2684,2166,2713,226
2684,2166,2713,227
2684,2166,2713,228
2684,2166,2713,229
2684,2166,2713,230
2684,2166,2713,231
2684,2166,2713,232
2684,2166,2713,233
2684,2166,2713,234
2684,2166,2713,235
2684,2166,2713,236
2684,2166,2713,237
2684,2166,2713,238
2684,2166,2713,239
2684,2166,2713,240
2684,2166,2713,241
2684,2166,2713,242
2684,2166,2713,243
2684,2166,2713,244
2684,2166,2713,245
2684,2166,2713,246
2684,2166,2713,247
2684,2166,2713,248
2684,2166,2713,249
2684,2166,2713,250
2684,2166,2713,251
2684,2166,2713,252
2684,2166,2713,253
2684,2166,2713,254
2684,2166,2713,255
2684,2166,2713,256
2684,2166,2713,257
2684,2166,2713,258
2684,2166,2713,259
2684,2166,2713,260
2684,2166,2713,261
2684,2166,2713,262
2684,2166,2713,263
2684,2166,2713,264
2684,2166,2713,265
2684,2166,2713,266
2684,2166,2713,267
2684,2166,2713,268
2684,2166,2713,269
2684,2166,2713,270
2684,2166,2713,271
2684,2166,2713,272
2684,2166,2713,273
2684,2166,2713,274
2684,2166,2713,275
2684,2166,2713,276
2684,2166,2713,277
2684,2166,2713,278
2684,2166,2713,279
2684,2166,2713,280
2684,2166,2713,281
2684,2166,2713,282
2684,2166,2713,283
2684,2166,2713,284
2684,2166,2713,285
2684,2166,2713,286
2684,2166,2713,287
2684,2166,2713,288
2684,2166,2713,289
2684,2166,2713,290
2684,2166,2713,291
2684,2166,2713,292
2684,2166,2713,293
2684,2166,2713,294
2684,2166,2713,295
2684,2166,2713,296
2684,2166,2713,297
2684,2166,2713,298
2684,2166,2713,299
2684,2166,2713,300
2684,2166,2713,301
2684,2166,2713,302
2684,2166,2713,303
2684,2166,2713,304
2684,2166,2713,305
2684,2166,2713,306
2684,2166,2713,307
2684,2166,2713,308
2684,2166,2713,309
2684,2166,2713,310
2684,2166,2713,311
2684,2166,2713,312
2684,2166,2713,313
2684,2166,2713,314
2684,2166,2713,315
2684,2166,2713,316
2684,2166,2713,317
2684,2166,2713,318
2684,2166,2713,319
2684,2166,2713,320
2684,2166,2713,321
2684,2166,2713,322
2684,2166,2713,323
2684,2166,2713,324
2684,2166,2713,325
2684,2166,2713,326
2684,2166,2713,327
2684,2166,2713,328
2684,2166,2713,329
2684,2166,2713,330
2684,2166,2713,331
2684,2166,2713,332
2684,2166,2713,333
2684,2166,2713,334
2684,2166,2713,335
2684,2166,2713,336
2684,2166,2713,337
2684,2166,2713,338
2684,2166,2713,339
2684,2166,2713,340
2684,2166,2713,341
2684,2166,2713,342
2684,2166,2713,343
2684,2166,2713,344
2684,2166,2713,345
2684,2166,2713,346
2684,2166,2713,347
2684,2166,2713,348
2684,2166,2713,349
2684,2166,2713,350
2684,2166,2713,351
2684,2166,2713,352
2684,2166,2713,353
2684,2166,2713,354
2684,2166,2713,355
2684,2166,2713,356
2684,2166,2713,357
2684,2166,2713,358
2684,2166,2713,359
2684,2166,2713,360
2684,2166,2713,361
2684,2166,2713,362
2684,2166,2713,363
2684,2166,2713,364
2684,2166,2713,365
2684,2166,2713,366
2684,2166,2713,367
2684,2166,2713,368
2684,2166,2713,369
2684,2166,2713,370
2684,2166,2713,371
2684,2166,2713,372
2684,2166,2713,373
2684,2166,2713,374
2684,2166,2713,375
2684,2166,2713,376
2684,2166,2713,377
2684,2166,2713,378
2684,2166,2713,379
2684,2166,2713,380
2684,2166,2713,381
2684,2166,2713,382
2684,2166,2713,383
2684,2166,2713,384
2684,2166,2713,385
2684,2166,2713,386
2684,2166,2713,387
2684,2166,2713,388
2684,2166,2713,389
2684,2166,2713,390
2684,2166,2713,391
2684,2166,2713,392
2684,2166,2713,393
2684,2166,2713,394
2684,2166,2713,395
2684,2166,2713,396
2684,2166,2713,397
2684,2166,2713,398
2684,2166,2713,399
2684,2166,2713,400
2684,2166,2713,401
2684,2166,2713,402
2684,2166,2713,403
2684,2166,2713,404
2684,2166,2713,405
2684,2166,2713,406
2684,2166,2713,407
2684,2166,2713,408
2684,2166,2713,409
2684,2166,2713,410
2684,2166,2713,411
2684,2166,2713,412
2684,2166,2713,413
2684,2166,2713,414
2684,2166,2713,415
2684,2166,2713,416
2684,2166,2713,417
2684,2166,2713,418
2684,2166,2713,419
2684,2166,2713,420
2684,2166,2713,421
2684,2166,2713,422
2684,2166,2713,423
2684,2166,2713,424
2684,2166,2713,425
2684,2166,2713,426
2684,2166,2713,427
2684,2166,2713,428
2684,2166,2713,429
2684,2166,2713,430
2684,2166,2713,431
2684,2166,2713,432
2684,2166,2713,433
2684,2166,2713,434
2684,2166,2713,435
2684,2166,2713,436
2684,2166,2713,437
2684,2166,2713,438
2684,2166,2713,439
2684,2166,2713,440
2684,2166,2713,441
2684,2166,2713,442
2684,2166,2713,443
2684,2166,2713,444
2684,2166,2713,445
2684,2166,2713,446
2684,2166,2713,447
2684,2166,2713,448
2684,2166,2713,449
2684,2166,2713,450
2684,2166,2713,451
2684,2166,2713,452
2684,2166,2713,453
2684,2166,2713,454
2684,2166,2713,455
2684,2166,2713,456
2684,2166,2713,457
2684,2166,2713,458
2684,2166,2713,459
2684,2166,2713,460
2684,2166,2713,461
2684,2166,2713,462
2684,2166,2713,463
2684,2166,2713,464
2684,2166,2713,465
2684,2166,2713,466
2684,2166,2713,467
2684,2166,2713,468
2684,2166,2713,469
2684,2166,2713,470
2684,2166,2713,471
2684,2166,2713,472
2684,2166,2713,473
2684,2166,2713,474
2684,2166,2713,475
2684,2166,2713,476
2684,2166,2713,477
2684,2166,2713,478
2684,2166,2713,479
2684,2166,2713,480
2684,2166,2713,481
2684,2166,2713,482
2684,2166,2713,483
2684,2166,2713,484
2684,2166,2713,485
2684,2166,2713,486
2684,2166,2713,487
2684,2166,2713,488
2684,2166,2713,489
2684,2166,2713,490
2684,2166,2713,491
2684,2166,2713,492
2684,2166,2713,493
2684,2166,2713,494
2684,2166,2713,495
2684,2166,2713,496
2684,2166,2713,497
2684,2166,2713,498
2684,2166,2713,499
2684,2166,2713,500
2684,2166,2713,501
2684,2166,2713,502
2684,2166,2713,503
2684,2166,2713,504
2684,2166,2713,505
2684,2166,2713,506
2684,2166,2713,507
2684,2166,2713,508
2684,2166,2713,509
2684,2166,2713,510
2684,2166,2713,511
2684,2166,2713,512
2684,2166,2713,513
2684,2166,2713,514
2684,2166,2713,515
2684,2166,2713,516
2684,2166,2713,517
2684,2166,2713,518
2684,2166,2713,519
2684,2166,2713,520
2684,2166,2713,521
2684,2166,2713,522
2684,2166,2713,523
2684,2166,2713,524
2684,2166,2713,525
2684,2166,2713,526
2684,2166,2713,527
2684,2166,2713,528
2684,2166,2713,529
2684,2166,2713,530
2684,2166,2713,531
2684,2166,2713,532
2684,2166,2713,533
2684,2166,2713,534
2684,2166,2713,535
2684,2166,2713,536
2684,2166,2713,537
2684,2166,2713,538
2684,2166,2713,539
2684,2166,2713,540
2684,2166,2713,541
2684,2166,2713,542
2684,2166,2713,543
2684,2166,2713,544
2684,2166,2713,545
2684,2166,2713,546
2684,2166,2713,547
2684,2166,2713,548
2684,2166,2713,549
2684,2166,2713,550
2684,2166,2713,551
2684,2166,2713,552
2684,2166,2713,553
2684,2166,2713,554
2684,2166,2713,555
2684,2166,2713,556
2684,2166,2713,557
2684,2166,2713,558
2684,2166,2713,559
2684,2166,2713,560
2684,2166,2713,561
2684,2166,2713,562
2684,2166,2713,563
2684,2166,2713,564
2684,2166,2713,565
2684,2166,2713,566
2684,2166,2713,567
2684,2166,2713,568
2684,2166,2713,569
2684,2166,2713,570
2684,2166,2713,571
2684,2166,2713,572
2684,2166,2713,573
2684,2166,2713,574
2684,2166,2713,575
2684,2166,2713,576
2684,2166,2713,577
2684,2166,2713,578
2684,2166,2713,579
2684,2166,2713,580
2684,2166,2713,581
2684,2166,2713,582
2684,2166,2713,583
2684,2166,2713,584
2684,2166,2713,585
2684,2166,2713,586
2684,2166,2713,587
2684,2166,2713,588
2684,2166,2713,589
2684,2166,2713,590
2684,2166,2713,591
2684,2166,2713,592
2684,2166,2713,593
2684,2166,2713,594
2684,2166,2713,595
2684,2166,2713,596
2684,2166,2713,597
2684,2166,2713,598
2684,2166,2713,599
2684,2166,2713,600
2684,2166,2713,601
2684,2166,2713,602
2684,2166,2713,603
2684,2166,2713,604
2684,2166,2713,605
2684,2166,2713,606
2684,2166,2713,607
2684,2166,2713,608
2684,2166,2713,609
2684,2166,2713,610
2684,2166,2713,611
2684,2166,2713,612
2684,2166,2713,613
2684,2166,2713,614
2684,2166,2713,615
2684,2166,2713,616
2684,2166,2713,617
2684,2166,2713,618
2684,2166,2713,619
2684,2166,2713,620
2684,2166,2713,621
2684,2166,2713,622
2684,2166,2713,623
2684,2166,2713,624
2684,2166,2713,625
2684,2166,2713,626
2684,2166,2713,627
2684,2166,2713,628
2684,2166,2713,629
2684,2166,2713,630
2684,2166,2713,631
2684,2166,2713,632
2684,2166,2713,633
2684,2166,2713,634
2684,2166,2713,635
2684,2166,2713,636
2684,2166,2713,637
2684,2166,2713,638
2684,2166,2713,639
2684,2166,2713,640
2684,2166,2713,641
2684,2166,2713,642
2684,2166,2713,643
2684,2166,2713,644
2684,2166,2713,645
2684,2166,2713,646
2684,2166,2713,647
2684,2166,2713,648
2684,2166,2713,649
2684,2166,2713,650
2684,2166,2713,651
2684,2166,2713,652
2684,2166,2713,653
2684,2166,2713,654
2684,2166,2713,655
2684,2166,2713,656
2684,2166,2713,657
2684,2166,2713,658
2684,2166,2713,659
2684,2166,2713,660
2684,2166,2713,661
2684,2166,2713,662
2684,2166,2713,663
2684,2166,2713,664
2684,2166,2713,665
2684,2166,2713,666
2684,2166,2713,667
2684,2166,2713,668
2684,2166,2713,669
2684,2166,2713,670
2684,2166,2713,671
2684,2166,2713,672
2684,2166,2713,673
2684,2166,2713,674
2684,2166,2713,675
2684,2166,2713,676
2684,2166,2713,677
2684,2166,2713,678
2684,2166,2713,679
2684,2166,2713,680
2684,2166,2713,681
2684,2166,2713,682
2684,2166,2713,683
2684,2166,2713,684
2684,2166,2713,685
2684,2166,2713,686
2684,2166,2713,687
2684,2166,2713,688
2684,2166,2713,689
2684,2166,2713,690
2684,2166,2713,691
2684,2166,2713,692
2684,2166,2713,693
2684,2166,2713,694
2684,2166,2713,695
2684,2166,2713,696
2684,2166,2713,697
2684,2166,2713,698
2684,2166,2713,699
2684,2166,2713,700
2684,2166,2713,701
2684,2166,2713,702
2684,2166,2713,703
2684,2166,2713,704
2684,2166,2713,705
2684,2166,2713,706
2684,2166,2713,707
2684,2166,2713,708
2684,2166,2713,709
2684,2166,2713,710
2684,2166,2713,711
2684,2166,2713,712
2684,2166,2713,713
2684,2166,2713,714
2684,2166,2713,715
2684,2166,2713,716
2684,2166,2713,717
2684,2166,2713,718
2684,2166,2713,719
2684,2166,2713,720
2684,2166,2713,721
2684,2166,2713,722
2684,2166,2713,723
2684,2166,2713,724
2684,2166,2713,725
2684,2166,2713,726
2684,2166,2713,727
2684,2166,2713,728
2684,2166,2713,729
2684,2166,2713,730
2684,2166,2713,731
2684,2166,2713,732
2684,2166,2713,733
2684,2166,2713,734
2684,2166,2713,735
2684,2166,2713,736
2684,2166,2713,737
2684,2166,2713,738
2684,2166,2713,739
2684,2166,2713,740
2684,2166,2713,741
2684,2166,2713,742
2684,2166,2713,743
2684,2166,2713,744
2684,2166,2713,745
2684,2166,2713,746
2684,2166,2713,747
2684,2166,2713,748
2684,2166,2713,749
2684,2166,2713,750
2684,2166,2713,751
2684,2166,2713,752
2684,2166,2713,753
2684,2166,2713,754
2684,2166,2713,755
2684,2166,2713,756
2684,2166,2713,757
2684,2166,2713,758
2684,2166,2713,759
2684,2166,2713,760
2684,2166,2713,761
2684,2166,2713,762
2684,2166,2713,763
2684,2166,2713,764
2684,2166,2713,765
2684,2166,2713,766
2684,2166,2713,767
2684,2166,2713,768
2684,2166,2713,769
2684,2166,2713,770
2684,2166,2713,771
2684,2166,2713,772
2684,2166,2713,773
2684,2166,2713,774
2684,2166,2713,775
2684,2166,2713,776
2684,2166,2713,777
2684,2166,2713,778
2684,2166,2713,779
2684,2166,2713,780
2684,2166,2713,781
2684,2166,2713,782
2684,2166,2713,783
2684,2166,2713,784
2684,2166,2713,785
2684,2166,2713,786
2684,2166,2713,787
2684,2166,2713,788
2684,2166,2713,789
2684,2166,2713,790
2684,2166,2713,791
2684,2166,2713,792
2684,2166,2713,793
2684,2166,2713,794
2684,2166,2713,795
2684,2166,2713,796
2684,2166,2713,797
2684,2166,2713,798
2684,2166,2713,799
2684,2166,2713,800
2684,2166,2713,801
2684,2166,2713,802
2684,2166,2713,803
2684,2166,2713,804
2684,2166,2713,805
2684,2166,2713,806
2684,2166,2713,807
2684,2166,2713,808
2684,2166,2713,809
2684,2166,2713,810
2684,2166,2713,811
2684,2166,2713,812
2684,2166,2713,813
2684,2166,2713,814
2684,2166,2713,815
2684,2166,2713,816
2684,2166,2713,817
2684,2166,2713,818
2684,2166,2713,819
2684,2166,2713,820
2684,2166,2713,821
2684,2166,2713,822
2684,2166,2713,823
2684,2166,2713,824
2684,2166,2713,825
2684,2166,2713,826
2684,2166,2713,827
2684,2166,2713,828
2684,2166,2713,829
2684,2166,2713,830
2684,2166,2713,831
2684,2166,2713,832
2684,2166,2713,833
2684,2166,2713,834
2684,2166,2713,835
2684,2166,2713,836
2684,2166,2713,837
2684,2166,2713,838
2684,2166,2713,839
2684,2166,2713,840
2684,2166,2713,841
2684,2166,2713,842
2684,2166,2713,843
2684,2166,2713,844
2684,2166,2713,845
2684,2166,2713,846
2684,2166,2713,847
2684,2166,2713,848
2684,2166,2713,849
2684,2166,2713,850
2684,2166,2713,851
2684,2166,2713,852
2684,2166,2713,853
2684,2166,2713,854
2684,2166,2713,855
2684,2166,2713,856
2684,2166,2713,857
2684,2166,2713,858
2684,2166,2713,859
2684,2166,2713,860
2684,2166,2713,861
2684,2166,2713,862
2684,2166,2713,863
2684,2166,2713,864
2684,2166,2713,865
2684,2166,2713,866
2684,2166,2713,867
2684,2166,2713,868
2684,2166,2713,869
2684,2166,2713,870
2684,2166,2713,871
2684,2166,2713,872
2684,2166,2713,873
2684,2166,2713,874
2684,2166,2713,875
2684,2166,2713,876
2684,2166,2713,877
2684,2166,2713,878
2684,2166,2713,879
2684,2166,2713,880
2684,2166,2713,881
2684,2166,2713,882
2684,2166,2713,883
2684,2166,2713,884
2684,2166,2713,885
2684,2166,2713,886
2684,2166,2713,887
2684,2166,2713,888
2684,2166,2713,889
2684,2166,2713,890
2684,2166,2713,891
2684,2166,2713,892
2684,2166,2713,893
2684,2166,2713,894
2684,2166,2713,895
2684,2166,2713,896
2684,2166,2713,897
2684,2166,2713,898
2684,2166,2713,899
2684,2166,2713,900
2684,2166,2713,901
2684,2166,2713,902
2684,2166,2713,903
2684,2166,2713,904
2684,2166,2713,905
2684,2166,2713,906
2684,2166,2713,907
2684,2166,2713,908
2684,2166,2713,909
2684,2166,2713,910
2684,2166,2713,911
2684,2166,2713,912
2684,2166,2713,913
2684,2166,2713,914
2684,2166,2713,915
2684,2166,2713,916
2684,2166,2713,917
2684,2166,2713,918
2684,2166,2713,919
2684,2166,2713,920
2684,2166,2713,921
2684,2166,2713,922
2684,2166,2713,923
2684,2166,2713,924
2684,2166,2713,925
2684,2166,2713,926
2684,2166,2713,927
2684,2166,2713,928
2684,2166,2713,929
2684,2166,2713,930
2684,2166,2713,931
2684,2166,2713,932
2684,2166,2713,933
2684,2166,2713,934
2684,2166,2713,935
2684,2166,2713,936
2684,2166,2713,937
2684,2166,2713,938
2684,2166,2713,939
2684,2166,2713,940
2684,2166,2713,941
2684,2166,2713,942
2684,2166,2713,943
2684,2166,2713,944
2684,2166,2713,945
2684,2166,2713,946
2684,2166,2713,947
2684,2166,2713,948
2684,2166,2713,949
2684,2166,2713,950
2684,2166,2713,951
2684,2166,2713,952
2684,2166,2713,953
2684,2166,2713,954
2684,2166,2713,955
2684,2166,2713,956
2684,2166,2713,957
2684,2166,2713,958
2684,2166,2713,959
2684,2166,2713,960
2684,2166,2713,961
2684,2166,2713,962
2684,2166,2713,963
2684,2166,2713,964
2684,2166,2713,965
2684,2166,2713,966
2684,2166,2713,967
2684,2166,2713,968
2684,2166,2713,969
2684,2166,2713,970
2684,2166,2713,971
2684,2166,2713,972
2684,2166,2713,973
2684,2166,2713,974
2684,2166,2713,975
2684,2166,2713,976
2684,2166,2713,977
2684,2166,2713,978
2684,2166,2713,979
2684,2166,2713,980
2684,2166,2713,981
2684,2166,2713,982
2684,2166,2713,983
2684,2166,2713,984
2684,2166,2713,985
2684,2166,2713,986
2684,2166,2713,987
2684,2166,2713,988
2684,2166,2713,989
2684,2166,2713,990
2684,2166,2713,991
2684,2166,2713,992
2684,2166,2713,993
2684,2166,2713,994
2684,2166,2713,995
2684,2166,2713,996
2684,2166,2713,997
2684,2166,2713,998
2684,2166,2713,999
2684,2166,2713,1000
2684,2166,2713,1001
2684,2166,2713,1002
2684,2166,2713,1003
2684,2166,2713,1004
2684,2166,2713,1005
2684,2166,2713,1006
2684,2166,2713,1007
2684,2166,2713,1008
2684,2166,2713,1009
2684,2166,2713,1010
2684,2166,2713,1011
2684,2166,2713,1012
2684,2166,2713,1013
2684,2166,2713,1014
2684,2166,2713,1015
2684,2166,2713,1016
2684,2166,2713,1017
2684,2166,2713,1018
2684,2166,2713,1019
2684,2166,2713,1020
2684,2166,2713,1021
2684,2166,2713,1022
2684,2166,2713,1023
2684,2166,2713,1024
2684,2166,2713,1025
2684,2166,2713,1026
2684,2166,2713,1027
2684,2166,2713,1028
2684,2166,2713,1029
2684,2166,2713,1030
2684,2166,2713,1031
2684,2166,2713,1032
2684,2166,2713,1033
2684,2166,2713,1034
2684,2166,2713,1035
2684,2166,2713,1036
2684,2166,2713,1037
2684,2166,2713,1038
2684,2166,2713,1039
2684,2166,2713,1040
2684,2166,2713,1041
2684,2166,2713,1042
2684,2166,2713,1043
2684,2166,2713,1044
2684,2166,2713,1045
2684,2166,2713,1046
2684,2166,2713,1047
2684,2166,2713,1048
2684,2166,2713,1049
2684,2166,2713,1050
2684,2166,2713,1051
2684,2166,2713,1052
2684,2166,2713,1053
2684,2166,2713,1054
2684,2166,2713,1055
2684,2166,2713,1056
2684,2166,2713,1057
2684,2166,2713,1058
2684,2166,2713,1059
2684,2166,2713,1060
2684,2166,2713,1061
2684,2166,2713,1062
2684,2166,2713,1063
2684,2166,2713,1064
2684,2166,2713,1065
2684,2166,2713,1066
2684,2166,2713,1067
2684,2166,2713,1068
2684,2166,2713,1069
2684,2166,2713,1070
2684,2166,2713,1071
2684,2166,2713,1072
2684,2166,2713,1073
2684,2166,2713,1074
2684,2166,2713,1075
2684,2166,2713,1076
2684,2166,2713,1077
2684,2166,2713,1078
2684,2166,2713,1079
2684,2166,2713,1080
2684,2166,2713,1081
2684,2166,2713,1082
2684,2166,2713,1083
2684,2166,2713,1084
2684,2166,2713,1085
2684,2166,2713,1086
2684,2166,2713,1087
2684,2166,2713,1088
2684,2166,2713,1089
2684,2166,2713,1090
2684,2166,2713,1091
2684,2166,2713,1092
2684,2166,2713,1093
2684,2166,2713,1094
2684,2166,2713,1095
2684,2166,2713,1096
2684,2166,2713,1097
2684,2166,2713,1098
2684,2166,2713,1099
2684,2166,2713,1100
2684,2166,2713,1101
2684,2166,2713,1102
2684,2166,2713,1103
2684,2166,2713,1104
2684,2166,2713,1105
2684,2166,2713,1106
2684,2166,2713,1107
2684,2166,2713,1108
2684,2166,2713,1109
2684,2166,2713,1110
2684,2166,2713,1111
2684,2166,2713,1112
2684,2166,2713,1113
2684,2166,2713,1114
2684,2166,2713,1115
2684,2166,2713,1116
2684,2166,2713,1117
2684,2166,2713,1118
2684,2166,2713,1119
2684,2166,2713,1120
2684,2166,2713,1121
2684,2166,2713,1122
2684,2166,2713,1123
2684,2166,2713,1124
2684,2166,2713,1125
2684,2166,2713,1126
2684,2166,2713,1127
2684,2166,2713,1128
2684,2166,2713,1129
2684,2166,2713,1130
2684,2166,2713,1131
2684,2166,2713,1132
2684,2166,2713,1133
2684,2166,2713,1134
2684,2166,2713,1135
2684,2166,2713,1136
2684,2166,2713,1137
2684,2166,2713,1138
2684,2166,2713,1139
2684,2166,2713,1140
2684,2166,2713,1141
2684,2166,2713,1142
2684,2166,2713,1143
2684,2166,2713,1144
2684,2166,2713,1145
2684,2166,2713,1146
2684,2166,2713,1147
2684,2166,2713,1148
2684,2166,2713,1149
2684,2166,2713,1150
2684,2166,2713,1151
2684,2166,2713,1152
2684,2166,2713,1153
2684,2166,2713,1154
2684,2166,2713,1155
2684,2166,2713,1156
2684,2166,2713,1157
2684,2166,2713,1158
2684,2166,2713,1159
2684,2166,2713,1160
2684,2166,2713,1161
2684,2166,2713,1162
2684,2166,2713,1163
2684,2166,2713,1164
2684,2166,2713,1165
2684,2166,2713,1166
2684,2166,2713,1167
2684,2166,2713,1168
2684,2166,2713,1169
2684,2166,2713,1170
2684,2166,2713,1171
2684,2166,2713,1172
2684,2166,2713,1173
2684,2166,2713,1174
2684,2166,2713,1175
2684,2166,2713,1176
2684,2166,2713,1177
2684,2166,2713,1178
2684,2166,2713,1179
2684,2166,2713,1180
2684,2166,2713,1181
2684,2166,2713,1182
2684,2166,2713,1183
2684,2166,2713,1184
2684,2166,2713,1185
2684,2166,2713,1186
2684,2166,2713,1187
2684,2166,2713,1188
2684,2166,2713,1189
2684,2166,2713,1190
2684,2166,2713,1191
2684,2166,2713,1192
2684,2166,2713,1193
2684,2166,2713,1194
2684,2166,2713,1195
2684,2166,2713,1196
2684,2166,2713,1197
2684,2166,2713,1198
2684,2166,2713,1199
2684,2166,2713,1200
2684,2166,2713,1201
2684,2166,2713,1202
2684,2166,2713,1203
2684,2166,2713,1204
2684,2166,2713,1205
2684,2166,2713,1206
2684,2166,2713,1207
2684,2166,2713,1208
2684,2166,2713,1209
2684,2166,2713,1210
2684,2166,2713,1211
2684,2166,2713,1212
2684,2166,2713,1213
2684,2166,2713,1214
2684,2166,2713,1215
2684,2166,2713,1216
2684,2166,2713,1217
2684,2166,2713,1218
2684,2166,2713,1219
2684,2166,2713,1220
2684,2166,2713,1221
2684,2166,2713,1222
2684,2166,2713,1223
2684,2166,2713,1224
2684,2166,2713,1225
2684,2166,2713,1226
2684,2166,2713,1227
2684,2166,2713,1228
2684,2166,2713,1229
2684,2166,2713,1230
2684,2166,2713,1231
2684,2166,2713,1232
2684,2166,2713,1233
2684,2166,2713,1234
2684,2166,2713,1235
2684,2166,2713,1236
2684,2166,2713,1237
2684,2166,2713,1238
2684,2166,2713,1239
2684,2166,2713,1240
2684,2166,2713,1241
2684,2166,2713,1242
2684,2166,2713,1243
2684,2166,2713,1244
2684,2166,2713,1245
2684,2166,2713,1246
2684,2166,2713,1247
2684,2166,2713,1248
2684,2166,2713,1249
2684,2166,2713,1250
2684,2166,2713,1251
2684,2166,2713,1252
2684,2166,2713,1253
2684,2166,2713,1254
2684,2166,2713,1255
2684,2166,2713,1256
2684,2166,2713,1257
2684,2166,2713,1258
2684,2166,2713,1259
2684,2166,2713,1260
2684,2166,2713,1261
2684,2166,2713,1262
2684,2166,2713,1263
2684,2166,2713,1264
2684,2166,2713,1265
2684,2166,2713,1266
2684,2166,2713,1267
2684,2166,2713,1268
2684,2166,2713,1269
2684,2166,2713,1270
2684,2166,2713,1271
2684,2166,2713,1272
2684,2166,2713,1273
2684,2166,2713,1274
2684,2166,2713,1275
2684,2166,2713,1276
2684,2166,2713,1277
2684,2166,2713,1278
2684,2166,2713,1279
2684,2166,2713,1280
2684,2166,2713,1281
2684,2166,2713,1282
2684,2166,2713,1283
2684,2166,2713,1284
2684,2166,2713,1285
2684,2166,2713,1286
2684,2166,2713,1287
2684,2166,2713,1288
2684,2166,2713,1289
2684,2166,2713,1290
2684,2166,2713,1291
2684,2166,2713,1292
2684,2166,2713,1293
2684,2166,2713,1294
2684,2166,2713,1295
2684,2166,2713,1296
2684,2166,2713,1297
2684,2166,2713,1298
2684,2166,2713,1299
2684,2166,2713,1300
2684,2166,2713,1301
2684,2166,2713,1302
2684,2166,2713,1303
2684,2166,2713,1304
2684,2166,2713,1305
2684,2166,2713,1306
2684,2166,2713,1307
2684,2166,2713,1308
2684,2166,2713,1309
2684,2166,2713,1310
2684,2166,2713,1311
2684,2166,2713,1312
2684,2166,2713,1313
2684,2166,2713,1314
2684,2166,2713,1315
2684,2166,2713,1316
2684,2166,2713,1317
2684,2166,2713,1318
2684,2166,2713,1319
2684,2166,2713,1320
2684,2166,2713,1321
2684,2166,2713,1322
2684,2166,2713,1323
2684,2166,2713,1324
2684,2166,2713,1325
2684,2166,2713,1326
2684,2166,2713,1327
2684,2166,2713,1328
2684,2166,2713,1329
2684,2166,2713,1330
2684,2166,2713,1331
2684,2166,2713,1332
2684,2166,2713,1333
2684,2166,2713,1334
2684,2166,2713,1335
2684,2166,2713,1336
2684,2166,2713,1337
2684,2166,2713,1338
2684,2166,2713,1339
2684,2166,2713,1340
2684,2166,2713,1341
2684,2166,2713,1342
2684,2166,2713,1343
2684,2166,2713,1344
2684,2166,2713,1345
2684,2166,2713,1346
2684,2166,2713,1347
2684,2166,2713,1348
2684,2166,2713,1349
2684,2166,2713,1350
2684,2166,2713,1351
2684,2166,2713,1352
2684,2166,2713,1353
2684,2166,2713,1354
2684,2166,2713,1355
2684,2166,2713,1356
2684,2166,2713,1357
2684,2166,2713,1358
2684,2166,2713,1359
2684,2166,2713,1360
2684,2166,2713,1361
2684,2166,2713,1362
2684,2166,2713,1363
2684,2166,2713,1364
2684,2166,2713,1365
2684,2166,2713,1366
2684,2166,2713,1367
2684,2166,2713,1368
2684,2166,2713,1369
2684,2166,2713,1370
2684,2166,2713,1371
2684,2166,2713,1372
2684,2166,2713,1373
2684,2166,2713,1374
2684,2166,2713,1375
2684,2166,2713,1376
2684,2166,2713,1377
2684,2166,2713,1378
2684,2166,2713,1379
2684,2166,2713,1380
2684,2166,2713,1381
2684,2166,2713,1382
2684,2166,2713,1383
2684,2166,2713,1384
2684,2166,2713,1385
2684,2166,2713,1386
2684,2166,2713,1387
2684,2166,2713,1388
2684,2166,2713,1389
2684,2166,2713,1390
2684,2166,2713,1391
2684,2166,2713,1392
2684,2166,2713,1393
2684,2166,2713,1394
2684,2166,2713,1395
2684,2166,2713,1396
2684,2166,2713,1397
2684,2166,2713,1398
2684,2166,2713,1399
2684,2166,2713,1400
2684,2166,2713,1401
2684,2166,2713,1402
2684,2166,2713,1403
2684,2166,2713,1404
2684,2166,2713,1405
2684,2166,2713,1406
2684,2166,2713,1407
2684,2166,2713,1408
2684,2166,2713,1409
2684,2166,2713,1410
2684,2166,2713,1411
2684,2166,2713,1412
2684,2166,2713,1413
2684,2166,2713,1414
2684,2166,2713,1415
2684,2166,2713,1416
2684,2166,2713,1417
2684,2166,2713,1418
2684,2166,2713,1419
2684,2166,2713,1420
2684,2166,2713,1421
2684,2166,2713,1422
2684,2166,2713,1423
2684,2166,2713,1424
2684,2166,2713,1425
2684,2166,2713,1426
2684,2166,2713,1427
2684,2166,2713,1428
2684,2166,2713,1429
2684,2166,2713,1430
2684,2166,2713,1431
2684,2166,2713,1432
2684,2166,2713,1433
2684,2166,2713,1434
2684,2166,2713,1435
2684,2166,2713,1436
2684,2166,2713,1437
2684,2166,2713,1438
2684,2166,2713,1439
2684,2166,2713,1440
2684,2166,2713,1441
2684,2166,2713,1442
2684,2166,2713,1443
2684,2166,2713,1444
2684,2166,2713,1445
2684,2166,2713,1446
2684,2166,2713,1447
2684,2166,2713,1448
2684,2166,2713,1449
2684,2166,2713,1450
2684,2166,2713,1451
2684,2166,2713,1452
2684,2166,2713,1453
2684,2166,2713,1454
2684,2166,2713,1455
2684,2166,2713,1456
2684,2166,2713,1457
2684,2166,2713,1458
2684,2166,2713,1459
2684,2166,2713,1460
2684,2166,2713,1461
2684,2166,2713,1462
2684,2166,2713,1463
2684,2166,2713,1464
2684,2166,2713,1465
2684,2166,2713,1466
2684,2166,2713,1467
2684,2166,2713,1468
2684,2166,2713,1469
2684,2166,2713,1470
2684,2166,2713,1471
2684,2166,2713,1472
2684,2166,2713,1473
2684,2166,2713,1474
2684,2166,2713,1475
2684,2166,2713,1476
2684,2166,2713,1477
2684,2166,2713,1478
2684,2166,2713,1479
2684,2166,2713,1480
2684,2166,2713,1481
2684,2166,2713,1482
2684,2166,2713,1483
2684,2166,2713,1484
2684,2166,2713,1485
2684,2166,2713,1486
2684,2166,2713,1487
2684,2166,2713,1488
2684,2166,2713,1489
2684,2166,2713,1490
2684,2166,2713,1491
2684,2166,2713,1492
2684,2166,2713,1493
2684,2166,2713,1494
2684,2166,2713,1495
2684,2166,2713,1496
2684,2166,2713,1497
2684,2166,2713,1498
2684,2166,2713,1499
2684,2166,2713,1500
2684,2166,2713,1501
2684,2166,2713,1502
2684,2166,2713,1503
2684,2166,2713,1504
2684,2166,2713,1505
2684,2166,2713,1506
2684,2166,2713,1507
2684,2166,2713,1508
2684,2166,2713,1509
2684,2166,2713,1510
2684,2166,2713,1511
2684,2166,2713,1512
2684,2166,2713,1513
2684,2166,2713,1514
2684,2166,2713,1515
2684,2166,2713,1516
2684,2166,2713,1517
2684,2166,2713,1518
2684,2166,2713,1519
2684,2166,2713,1520
2684,2166,2713,1521
2684,2166,2713,1522
2684,2166,2713,1523
2684,2166,2713,1524
2684,2166,2713,1525
2684,2166,2713,1526
2684,2166,2713,1527
2684,2166,2713,1528
2684,2166,2713,1529
2684,2166,2713,1530
2684,2166,2713,1531
2684,2166,2713,1532
2684,2166,2713,1533
2684,2166,2713,1534
2684,2166,2713,1535
2684,2166,2713,1536
2684,2166,2713,1537
2684,2166,2713,1538
2684,2166,2713,1539
2684,2166,2713,1540
2684,2166,2713,1541
2684,2166,2713,1542
2684,2166,2713,1543
2684,2166,2713,1544
2684,2166,2713,1545
2684,2166,2713,1546
2684,2166,2713,1547
2684,2166,2713,1548
2684,2166,2713,1549
2684,2166,2713,1550
2684,2166,2713,1551
2684,2166,2713,1552
2684,2166,2713,1553
2684,2166,2713,1554
2684,2166,2713,1555
2684,2166,2713,1556
2684,2166,2713,1557
2684,2166,2713,1558
2684,2166,2713,1559
2684,2166,2713,1560
2684,2166,2713,1561
2684,2166,2713,1562
2684,2166,2713,1563
2684,2166,2713,1564
2684,2166,2713,1565
2684,2166,2713,1566
2684,2166,2713,1567
2684,2166,2713,1568
2684,2166,2713,1569
2684,2166,2713,1570
2684,2166,2713,1571
2684,2166,2713,1572
2684,2166,2713,1573
2684,2166,2713,1574
2684,2166,2713,1575
2684,2166,2713,1576
2684,2166,2713,1577
2684,2166,2713,1578
2684,2166,2713,1579
2684,2166,2713,1580
2684,2166,2713,1581
2684,2166,2713,1582
2684,2166,2713,1583
2684,2166,2713,1584
2684,2166,2713,1585
2684,2166,2713,1586
2684,2166,2713,1587
2684,2166,2713,1588
2684,2166,2713,1589
2684,2166,2713,1590
2684,2166,2713,1591
2684,2166,2713,1592
2684,2166,2713,1593
2684,2166,2713,1594
2684,2166,2713,1595
2684,2166,2713,1596
2684,2166,2713,1597
2684,2166,2713,1598
2684,2166,2713,1599
2684,2166,2713,1600
2684,2166,2713,1601
2684,2166,2713,1602
2684,2166,2713,1603
2684,2166,2713,1604
2684,2166,2713,1605
2684,2166,2713,1606
2684,2166,2713,1607
2684,2166,2713,1608
2684,2166,2713,1609
2684,2166,2713,1610
2684,2166,2713,1611
2684,2166,2713,1612
2684,2166,2713,1613
2684,2166,2713,1614
2684,2166,2713,1615
2684,2166,2713,1616
2684,2166,2713,1617
2684,2166,2713,1618
2684,2166,2713,1619
2684,2166,2713,1620
2684,2166,2713,1621
2684,2166,2713,1622
2684,2166,2713,1623
2684,2166,2713,1624
2684,2166,2713,1625
2684,2166,2713,1626
2684,2166,2713,1627
2684,2166,2713,1628
2684,2166,2713,1629
2684,2166,2713,1630
2684,2166,2713,1631
2684,2166,2713,1632
2684,2166,2713,1633
2684,2166,2713,1634
2684,2166,2713,1635
2684,2166,2713,1636
2684,2166,2713,1637
2684,2166,2713,1638
2684,2166,2713,1639
2684,2166,2713,1640
2684,2166,2713,1641
2684,2166,2713,1642
2684,2166,2713,1643
2684,2166,2713,1644
2684,2166,2713,1645
2684,2166,2713,1646
2684,2166,2713,1647
2684,2166,2713,1648
2684,2166,2713,1649
2684,2166,2713,1650
2684,2166,2713,1651
2684,2166,2713,1652
2684,2166,2713,1653
2684,2166,2713,1654
2684,2166,2713,1655
2684,2166,2713,1656
2684,2166,2713,1657
2684,2166,2713,1658
2684,2166,2713,1659
2684,2166,2713,1660
2684,2166,2713,1661
2684,2166,2713,1662
2684,2166,2713,1663
2684,2166,2713,1664
2684,2166,2713,1665
2684,2166,2713,1666
2684,2166,2713,1667
2684,2166,2713,1668
2684,2166,2713,1669
2684,2166,2713,1670
2684,2166,2713,1671
2684,2166,2713,1672
2684,2166,2713,1673
2684,2166,2713,1674
2684,2166,2713,1675
2684,2166,2713,1676
2684,2166,2713,1677
2684,2166,2713,1678
2684,2166,2713,1679
2684,2166,2713,1680
2684,2166,2713,1681
2684,2166,2713,1682
2684,2166,2713,1683
2684,2166,2713,1684
2684,2166,2713,1685
2684,2166,2713,1686
2684,2166,2713,1687
2684,2166,2713,1688
2684,2166,2713,1689
2684,2166,2713,1690
2684,2166,2713,1691
2684,2166,2713,1692
2684,2166,2713,1693
2684,2166,2713,1694
2684,2166,2713,1695
2684,2166,2713,1696
2684,2166,2713,1697
2684,2166,2713,1698
2684,2166,2713,1699
2684,2166,2713,1700
2684,2166,2713,1701
2684,2166,2713,1702
2684,2166,2713,1703
2684,2166,2713,1704
2684,2166,2713,1705
2684,2166,2713,1706
2684,2166,2713,1707
2684,2166,2713,1708
2684,2166,2713,1709
2684,2166,2713,1710
2684,2166,2713,1711
2684,2166,2713,1712
2684,2166,2713,1713
2684,2166,2713,1714
2684,2166,2713,1715
2684,2166,2713,1716
2684,2166,2713,1717
2684,2166,2713,1718
2684,2166,2713,1719
2684,2166,2713,1720
2684,2166,2713,1721
2684,2166,2713,1722
2684,2166,2713,1723
2684,2166,2713,1724
2684,2166,2713,1725
2684,2166,2713,1726
2684,2166,2713,1727
2684,2166,2713,1728
2684,2166,2713,1729
2684,2166,2713,1730
2684,2166,2713,1731
2684,2166,2713,1732
2684,2166,2713,1733
2684,2166,2713,1734
2684,2166,2713,1735
2684,2166,2713,1736
2684,2166,2713,1737
2684,2166,2713,1738
2684,2166,2713,1739
2684,2166,2713,1740
2684,2166,2713,1741
2684,2166,2713,1742
2684,2166,2713,1743
2684,2166,2713,1744
2684,2166,2713,1745
2684,2166,2713,1746
2684,2166,2713,1747
2684,2166,2713,1748
2684,2166,2713,1749
2684,2166,2713,1750
2684,2166,2713,1751
2684,2166,2713,1752
2684,2166,2713,1753
2684,2166,2713,1754
2684,2166,2713,1755
2684,2166,2713,1756
2684,2166,2713,1757
2684,2166,2713,1758
2684,2166,2713,1759
2684,2166,2713,1760
2684,2166,2713,1761
2684,2166,2713,1762
2684,2166,2713,1763
2684,2166,2713,1764
2684,2166,2713,1765
2684,2166,2713,1766
2684,2166,2713,1767
2684,2166,2713,1768
2684,2166,2713,1769
2684,2166,2713,1770
2684,2166,2713,1771
2684,2166,2713,1772
2684,2166,2713,1773
2684,2166,2713,1774
2684,2166,2713,1775
2684,2166,2713,1776
2684,2166,2713,1777
2684,2166,2713,1778
2684,2166,2713,1779
2684,2166,2713,1780
2684,2166,2713,1781
2684,2166,2713,1782
2684,2166,2713,1783
2684,2166,2713,1784
2684,2166,2713,1785
2684,2166,2713,1786
2684,2166,2713,1787
2684,2166,2713,1788
2684,2166,2713,1789
2684,2166,2713,1790
2684,2166,2713,1791
2684,2166,2713,1792
2684,2166,2713,1793
2684,2166,2713,1794
2684,2166,2713,1795
2684,2166,2713,1796
2684,2166,2713,1797
2684,2166,2713,1798
2684,2166,2713,1799
2684,2166,2713,1800
2684,2166,2713,1801
2684,2166,2713,1802
2684,2166,2713,1803
2684,2166,2713,1804
2684,2166,2713,1805
2684,2166,2713,1806
2684,2166,2713,1807
2684,2166,2713,1808
2684,2166,2713,1809
2684,2166,2713,1810
2684,2166,2713,1811
2684,2166,2713,1812
2684,2166,2713,1813
2684,2166,2713,1814
2684,2166,2713,1815
2684,2166,2713,1816
2684,2166,2713,1817
2684,2166,2713,1818
2684,2166,2713,1819
2684,2166,2713,1820
2684,2166,2713,1821
2684,2166,2713,1822
2684,2166,2713,1823
2684,2166,2713,1824
2684,2166,2713,1825
2684,2166,2713,1826
2684,2166,2713,1827
2684,2166,2713,1828
2684,2166,2713,1829
2684,2166,2713,1830
2684,2166,2713,1831
2684,2166,2713,1832
2684,2166,2713,1833
2684,2166,2713,1834
2684,2166,2713,1835
2684,2166,2713,1836
2684,2166,2713,1837
2684,2166,2713,1838
2684,2166,2713,1839
2684,2166,2713,1840
2684,2166,2713,1841
2684,2166,2713,1842
2684,2166,2713,1843
2684,2166,2713,1844
2684,2166,2713,1845
2684,2166,2713,1846
2684,2166,2713,1847
2684,2166,2713,1848
2684,2166,2713,1849
2684,2166,2713,1850
2684,2166,2713,1851
2684,2166,2713,1852
2684,2166,2713,1853
2684,2166,2713,1854
2684,2166,2713,1855
2684,2166,2713,1856
2684,2166,2713,1857
2684,2166,2713,1858
2684,2166,2713,1859
2684,2166,2713,1860
2684,2166,2713,1861
2684,2166,2713,1862
2684,2166,2713,1863
2684,2166,2713,1864
2684,2166,2713,1865
2684,2166,2713,1866
2684,2166,2713,1867
2684,2166,2713,1868
2684,2166,2713,1869
2684,2166,2713,1870
2684,2166,2713,1871
2684,2166,2713,1872
2684,2166,2713,1873
2684,2166,2713,1874
2684,2166,2713,1875
2684,2166,2713,1876
2684,2166,2713,1877
2684,2166,2713,1878
2684,2166,2713,1879
2684,2166,2713,1880
2684,2166,2713,1881
2684,2166,2713,1882
2684,2166,2713,1883
2684,2166,2713,1884
2684,2166,2713,1885
2684,2166,2713,1886
2684,2166,2713,1887
2684,2166,2713,1888
2684,2166,2713,1889
2684,2166,2713,1890
2684,2166,2713,1891
2684,2166,2713,1892
2684,2166,2713,1893
2684,2166,2713,1894
2684,2166,2713,1895
2684,2166,2713,1896
2684,2166,2713,1897
2684,2166,2713,1898
2684,2166,2713,1899
2684,2166,2713,1900
2684,2166,2713,1901
2684,2166,2713,1902
2684,2166,2713,1903
2684,2166,2713,1904
2684,2166,2713,1905
2684,2166,2713,1906
2684,2166,2713,1907
2684,2166,2713,1908
2684,2166,2713,1909
2684,2166,2713,1910
2684,2166,2713,1911
2684,2166,2713,1912
2684,2166,2713,1913
2684,2166,2713,1914
2684,2166,2713,1915
2684,2166,2713,1916
2684,2166,2713,1917
2684,2166,2713,1918
2684,2166,2713,1919
2684,2166,2713,1920
2684,2166,2713,1921
2684,2166,2713,1922
2684,2166,2713,1923
2684,2166,2713,1924
2684,2166,2713,1925
2684,2166,2713,1926
2684,2166,2713,1927
2684,2166,2713,1928
2684,2166,2713,1929
2684,2166,2713,1930
2684,2166,2713,1931
2684,2166,2713,1932
2684,2166,2713,1933
2684,2166,2713,1934
2684,2166,2713,1935
2684,2166,2713,1936
2684,2166,2713,1937
2684,2166,2713,1938
2684,2166,2713,1939
2684,2166,2713,1940
2684,2166,2713,1941
2684,2166,2713,1942
2684,2166,2713,1943
2684,2166,2713,1944
2684,2166,2713,1945
2684,2166,2713,1946
2684,2166,2713,1947
2684,2166,2713,1948
2684,2166,2713,1949
2684,2166,2713,1950
2684,2166,2713,1951
2684,2166,2713,1952
2684,2166,2713,1953
2684,2166,2713,1954
2684,2166,2713,1955
2684,2166,2713,1956
2684,2166,2713,1957
2684,2166,2713,1958
2684,2166,2713,1959
2684,2166,2713,1960
2684,2166,2713,1961
2684,2166,2713,1962
2684,2166,2713,1963
2684,2166,2713,1964
2684,2166,2713,1965
2684,2166,2713,1966
2684,2166,2713,1967
2684,2166,2713,1968
2684,2166,2713,1969
2684,2166,2713,1970
2684,2166,2713,1971
2684,2166,2713,1972
2684,2166,2713,1973
2684,2166,2713,1974
2684,2166,2713,1975
2684,2166,2713,1976
2684,2166,2713,1977
2684,2166,2713,1978
2684,2166,2713,1979
2684,2166,2713,1980
2684,2166,2713,1981
2684,2166,2713,1982
2684,2166,2713,1983
2684,2166,2713,1984
2684,2166,2713,1985
2684,2166,2713,1986
2684,2166,2713,1987
2684,2166,2713,1988
2684,2166,2713,1989
2684,2166,2713,1990
2684,2166,2713,1991
2684,2166,2713,1992
2684,2166,2713,1993
2684,2166,2713,1994
2684,2166,2713,1995
2684,2166,2713,1996
2684,2166,2713,1997
2684,2166,2713,1998
2684,2166,2713,1999
2684,2166,2713,2000
2684,2166,2713,2001
2684,2166,2713,2002
2684,2166,2713,2003
2684,2166,2713,2004
2684,2166,2713,2005
2684,2166,2713,2006
2684,2166,2713,2007
2684,2166,2713,2008
2684,2166,2713,2009
2684,2166,2713,2010
2684,2166,2713,2011
2684,2166,2713,2012
2684,2166,2713,2013
2684,2166,2713,2014
2684,2166,2713,2015
2684,2166,2713,2016
2684,2166,2713,2017
2684,2166,2713,2018
2684,2166,2713,2019
2684,2166,2713,2020
2684,2166,2713,2021
2684,2166,2713,2022
2684,2166,2713,2023
2684,2166,2713,2024
2684,2166,2713,2025
2684,2166,2713,2026
2684,2166,2713,2027
2684,2166,2713,2028
2684,2166,2713,2029
2684,2166,2713,2030
2684,2166,2713,2031
2684,2166,2713,2032
2684,2166,2713,2033
2684,2166,2713,2034
2684,2166,2713,2035
2684,2166,2713,2036
2684,2166,2713,2037
2684,2166,2713,2038
2684,2166,2713,2039
2684,2166,2713,2040
2684,2166,2713,2041
2684,2166,2713,2042
2684,2166,2713,2043
2684,2166,2713,2044
2684,2166,2713,2045
2684,2166,2713,2046
2684,2166,2713,2047
2684,2166,2713,2048
2684,2166,2713,2049
2684,2166,2713,2050
2684,2166,2713,2051
2684,2166,2713,2052
2684,2166,2713,2053
2684,2166,2713,2054
2684,2166,2713,2055
2684,2166,2713,2056
2684,2166,2713,2057
2684,2166,2713,2058
2684,2166,2713,2059
2684,2166,2713,2060
2684,2166,2713,2061
2684,2166,2713,2062
2684,2166,2713,2063
2684,2166,2713,2064
2684,2166,2713,2065
2684,2166,2713,2066
2684,2166,2713,2067
2684,2166,2713,2068
2684,2166,2713,2069
2684,2166,2713,2070
2684,2166,2713,2071
2684,2166,2713,2072
2684,2166,2713,2073
2684,2166,2713,2074
2684,2166,2713,2075
2684,2166,2713,2076
2684,2166,2713,2077
2684,2166,2713,2078
2684,2166,2713,2079
2684,2166,2713,2080
2684,2166,2713,2081
2684,2166,2713,2082
2684,2166,2713,2083
2684,2166,2713,2084
2684,2166,2713,2085
2684,2166,2713,2086
2684,2166,2713,2087
2684,2166,2713,2088
2684,2166,2713,2089
2684,2166,2713,2090
2684,2166,2713,2091
2684,2166,2713,2092
2684,2166,2713,2093
2684,2166,2713,2094
2684,2166,2713,2095
2684,2166,2713,2096
2684,2166,2713,2097
2684,2166,2713,2098
2684,2166,2713,2099
2684,2166,2713,2100
2684,2166,2713,2101
